{
  "Mexico": 1878.614856739708,
  "South Africa": 1513.385143260292,
  "South Korea": 1363.1484118220535,
  "Czechia": 1483.8515881779465,
  "Canada": 1777.121577771688,
  "Bosnia and Herzegovina": 1510.878422228312,
  "USA": 1746.819348093884,
  "Paraguay": 1813.180651906116,
  "Qatar": 1434.9952834734756,
  "Switzerland": 1877.0047165265244,
  "Brazil": 1983.962591809691,
  "Morocco": 1834.037408190309,
  "Haiti": 1541.3965037820215,
  "Scotland": 1788.6034962179785,
  "Australia": 1798.882122054197,
  "Turkey": 1889.117877945803
}
