{
  "Mexico": 1878.614856739708,
  "South Africa": 1513.385143260292,
  "South Korea": 1363.1484118220535,
  "Czechia": 1483.8515881779465,
  "USA": 1746.819348093884,
  "Paraguay": 1813.180651906116
}
