{
  "Mexico": 1878.614856739708,
  "South Africa": 1513.385143260292,
  "South Korea": 1363.1484118220535,
  "Czechia": 1483.8515881779465,
  "Canada": 1779.9259202046183,
  "Bosnia-Herz": 1603.0740797953817,
  "USA": 1746.819348093884,
  "Paraguay": 1813.180651906116,
  "Qatar": 1434.9952834734756,
  "Switzerland": 1877.0047165265244,
  "Brazil": 1983.962591809691,
  "Morocco": 1834.037408190309,
  "Haiti": 1541.3965037820215,
  "Scotland": 1788.6034962179785,
  "Australia": 1798.882122054197,
  "Turkey": 1889.117877945803,
  "Germany": 1932.1313299984456,
  "Curacao": 977.8686700015543,
  "Netherlands": 1946.0751953525792,
  "Japan": 1907.9248046474208,
  "Ivory Coast": 1720.6638926116618,
  "Ecuador": 1912.3361073883382,
  "Sweden": 1724.205308093151,
  "Tunisia": 1615.794691906849,
  "Belgium": 1885.755546404408,
  "Egypt": 1704.244453595592,
  "Saudi Arabia": 1587.5344371762467,
  "Uruguay": 1880.4655628237533,
  "Iran": 1763.3569063468485,
  "New Zealand": 1570.6430936531515,
  "France": 2070.5876806302317,
  "Senegal": 1852.412319369768,
  "Iraq": 1602.33162758226,
  "Norway": 1918.66837241774,
  "Argentina": 2118.6706023662696,
  "Algeria": 1756.3293976337304,
  "Austria": 1839.4916798889014,
  "Jordan": 1670.5083201110986,
  "Spain": 2142.102609675934,
  "Cape Verde": 1592.897390324066,
  "Portugal": 1974.0820926836557,
  "Congo DR": 1663.9179073163443,
  "England": 2032.1388147240107,
  "Croatia": 1900.8611852759893
}
