{
  "Mexico": 1880.1805178353652,
  "South Africa": 1512.0283391887529,
  "South Korea": 1361.5827507263964,
  "Czechia": 1485.2083922494855,
  "Canada": 1783.7891273952705,
  "Bosnia-Herz": 1597.594431471667,
  "USA": 1765.199141581051,
  "Paraguay": 1832.6230490334053,
  "Qatar": 1431.1320762828234,
  "Switzerland": 1882.4843648502392,
  "Brazil": 1986.2853714037801,
  "Morocco": 1847.9569447901874,
  "Haiti": 1539.0737241879324,
  "Scotland": 1774.6839596181,
  "Australia": 1780.50232856703,
  "Turkey": 1869.6754808185137,
  "Germany": 1932.1313299984456,
  "Curacao": 977.8686700015543,
  "Netherlands": 1946.0751953525792,
  "Japan": 1907.9248046474208,
  "Ivory Coast": 1720.6638926116618,
  "Ecuador": 1912.3361073883382,
  "Sweden": 1724.205308093151,
  "Tunisia": 1615.794691906849,
  "Belgium": 1885.755546404408,
  "Egypt": 1704.244453595592,
  "Saudi Arabia": 1587.5344371762467,
  "Uruguay": 1880.4655628237533,
  "Iran": 1763.3569063468485,
  "New Zealand": 1570.6430936531515,
  "France": 2070.5876806302317,
  "Senegal": 1852.412319369768,
  "Iraq": 1602.33162758226,
  "Norway": 1918.66837241774,
  "Argentina": 2118.6706023662696,
  "Algeria": 1756.3293976337304,
  "Austria": 1839.4916798889014,
  "Jordan": 1670.5083201110986,
  "Spain": 2142.102609675934,
  "Cape Verde": 1592.897390324066,
  "Portugal": 1974.0820926836557,
  "Congo DR": 1663.9179073163443,
  "England": 2032.1388147240107,
  "Croatia": 1900.8611852759893,
  "Ghana": 1534.9641473277811,
  "Panama": 1705.0358526722189,
  "Uzbekistan": 1708.3635689121784,
  "Colombia": 1987.6364310878216
}
