{
  "Mexico": 1900.6038718858633,
  "South Africa": 1515.3893891752657,
  "South Korea": 1352.1081867113974,
  "Czechia": 1482.2218468007534,
  "Canada": 1778.3292919901046,
  "Bosnia-Herz": 1606.4658506029782,
  "USA": 1753.870494397693,
  "Paraguay": 1850.3480440852593,
  "Qatar": 1422.260657151512,
  "Switzerland": 1894.0577142838913,
  "Brazil": 2005.5870415230818,
  "Morocco": 1873.249773845854,
  "Haiti": 1534.4484113389055,
  "Scotland": 1767.379150680953,
  "Australia": 1782.884731489397,
  "Turkey": 1881.0041280018718,
  "Germany": 1901.364843281893,
  "Curacao": 993.221490357619,
  "Netherlands": 1936.300013517282,
  "Japan": 1892.7811130399073,
  "Ivory Coast": 1706.4312403043157,
  "Ecuador": 1897.0144319448884,
  "Sweden": 1721.7630508500072,
  "Tunisia": 1606.8591802947212,
  "Belgium": 1884.7225282616803,
  "Egypt": 1716.8628479546824,
  "Saudi Arabia": 1587.0768029475412,
  "Uruguay": 1864.1139239874276,
  "Iran": 1766.286774139367,
  "New Zealand": 1556.1278496442703,
  "France": 2086.0864396996176,
  "Senegal": 1845.877462777448,
  "Iraq": 1593.8575670796693,
  "Norway": 1929.2345828878497,
  "Argentina": 2126.066894574735,
  "Algeria": 1771.4453536489482,
  "Austria": 1831.158176920142,
  "Jordan": 1656.3295748561745,
  "Spain": 2148.8490756122465,
  "Cape Verde": 1602.960197452785,
  "Portugal": 1980.339263665466,
  "Congo DR": 1677.5925888723652,
  "England": 2022.2323572553194,
  "Croatia": 1912.2785853683538,
  "Ghana": 1545.6459758437045,
  "Panama": 1692.8430815326224,
  "Uzbekistan": 1684.6936526762813,
  "Colombia": 1991.3744947858875
}
