{
  "Mexico": 1880.1805178353652,
  "South Africa": 1512.0283391887529,
  "South Korea": 1361.5827507263964,
  "Czechia": 1485.2083922494855,
  "Canada": 1783.7891273952705,
  "Bosnia-Herz": 1597.594431471667,
  "USA": 1765.199141581051,
  "Paraguay": 1832.6230490334053,
  "Qatar": 1431.1320762828234,
  "Switzerland": 1882.4843648502392,
  "Brazil": 1986.2853714037801,
  "Morocco": 1847.9569447901874,
  "Haiti": 1539.0737241879324,
  "Scotland": 1774.6839596181,
  "Australia": 1780.50232856703,
  "Turkey": 1869.6754808185137,
  "Germany": 1939.4404874387158,
  "Curacao": 993.7217830258401,
  "Netherlands": 1953.0521442837407,
  "Japan": 1912.9449308193678,
  "Ivory Coast": 1713.3547351713917,
  "Ecuador": 1896.4829943640525,
  "Sweden": 1717.2283591619894,
  "Tunisia": 1610.7745657349021,
  "Belgium": 1880.34104578492,
  "Egypt": 1714.3782151277128,
  "Saudi Arabia": 1586.2718904774288,
  "Uruguay": 1869.597843224922,
  "Iran": 1768.7714069663366,
  "New Zealand": 1560.5093321210306,
  "France": 2072.6113446719846,
  "Senegal": 1839.4270663166105,
  "Iraq": 1600.3079635405068,
  "Norway": 1931.6536254708976,
  "Argentina": 2124.0144099142635,
  "Algeria": 1768.4556582281828,
  "Austria": 1834.1478723409075,
  "Jordan": 1658.3820595166462,
  "Spain": 2143.365156374752,
  "Cape Verde": 1603.7651099228974,
  "Portugal": 1974.0820926836557,
  "Congo DR": 1663.9179073163443,
  "England": 2032.1388147240107,
  "Croatia": 1900.8611852759893,
  "Ghana": 1534.9641473277811,
  "Panama": 1705.0358526722189,
  "Uzbekistan": 1708.3635689121784,
  "Colombia": 1987.6364310878216
}
