{
  "Mexico": 1890.144349247504,
  "South Africa": 1515.3893891752657,
  "South Korea": 1352.1081867113974,
  "Czechia": 1482.2218468007534,
  "Canada": 1766.5949369344578,
  "Bosnia-Herz": 1596.8741240977936,
  "USA": 1753.4031494020871,
  "Paraguay": 1843.7968385487716,
  "Qatar": 1422.260657151512,
  "Switzerland": 1917.1572668751926,
  "Brazil": 1986.1264120794485,
  "Morocco": 1877.550416682847,
  "Haiti": 1534.4484113389055,
  "Scotland": 1767.379150680953,
  "Australia": 1763.8803869085727,
  "Turkey": 1881.0041280018718,
  "Germany": 1901.364843281893,
  "Curacao": 993.221490357619,
  "Netherlands": 1936.300013517282,
  "Japan": 1892.7811130399073,
  "Ivory Coast": 1706.4312403043157,
  "Ecuador": 1897.0144319448884,
  "Sweden": 1721.7630508500072,
  "Tunisia": 1606.8591802947212,
  "Belgium": 1902.9624142514335,
  "Egypt": 1732.8292692262692,
  "Saudi Arabia": 1587.0768029475412,
  "Uruguay": 1864.1139239874276,
  "Iran": 1766.286774139367,
  "New Zealand": 1556.1278496442703,
  "France": 2087.179199472961,
  "Senegal": 1831.6589273375048,
  "Iraq": 1593.8575670796693,
  "Norway": 1936.6574579083579,
  "Argentina": 2138.0957809977003,
  "Algeria": 1760.8685675331692,
  "Austria": 1826.7298833974671,
  "Jordan": 1656.3295748561745,
  "Spain": 2181.3179247006033,
  "Cape Verde": 1601.4587422631776,
  "Portugal": 1984.1337636039163,
  "Congo DR": 1673.7236905247896,
  "England": 2048.5985326643795,
  "Croatia": 1899.373408797,
  "Ghana": 1543.3621079318139,
  "Panama": 1692.8430815326224,
  "Uzbekistan": 1684.6936526762813,
  "Colombia": 1973.646088298136
}
