{
  "Mexico": 1883.1670632840974,
  "South Africa": 1521.5029032037519,
  "South Korea": 1352.1081867113974,
  "Czechia": 1482.2218468007534,
  "Canada": 1772.2157779616184,
  "Bosnia-Herz": 1606.4658506029782,
  "USA": 1753.870494397693,
  "Paraguay": 1830.2406461110384,
  "Qatar": 1422.260657151512,
  "Switzerland": 1894.0577142838913,
  "Brazil": 1993.5901803409272,
  "Morocco": 1852.5822576392143,
  "Haiti": 1534.4484113389055,
  "Scotland": 1767.379150680953,
  "Australia": 1782.884731489397,
  "Turkey": 1881.0041280018718,
  "Germany": 1921.4722412561139,
  "Curacao": 993.221490357619,
  "Netherlands": 1956.9675297239216,
  "Japan": 1904.7779742220619,
  "Ivory Coast": 1713.8550278396128,
  "Ecuador": 1914.4512405466544,
  "Sweden": 1725.3953157592953,
  "Tunisia": 1606.8591802947212,
  "Belgium": 1880.34104578492,
  "Egypt": 1714.3782151277128,
  "Saudi Arabia": 1586.2718904774288,
  "Uruguay": 1869.597843224922,
  "Iran": 1768.7714069663366,
  "New Zealand": 1560.5093321210306,
  "France": 2072.6113446719846,
  "Senegal": 1839.4270663166105,
  "Iraq": 1600.3079635405068,
  "Norway": 1931.6536254708976,
  "Argentina": 2124.0144099142635,
  "Algeria": 1768.4556582281828,
  "Austria": 1834.1478723409075,
  "Jordan": 1658.3820595166462,
  "Spain": 2143.365156374752,
  "Cape Verde": 1603.7651099228974,
  "Portugal": 1979.7797693789933,
  "Congo DR": 1659.6203493318058,
  "England": 2017.8689264495463,
  "Croatia": 1908.6905256098128,
  "Ghana": 1549.2340356022455,
  "Panama": 1697.2065123383954,
  "Uzbekistan": 1702.6658922168408,
  "Colombia": 1991.9339890723602
}
